ID,Text,United_States_Hate,Australia_Hate,United_Kingdom_Hate,South_Africa_Hate,Singapore_Hate
AU-YouTube-0,"The National Authoritarian Terrorist Organization is behind this instability, just like they are responsible for all the other coos to disrupt opposing countries around the world!ğŸ˜”",0.0,1.0,0.0,0.0,1.0
AU-YouTube-1,"American propaganda, nothing comes out of the US is true, the terrorist cia has been committing much worse crimes",0.0,0.0,0.0,0.0,1.0
AU-YouTube-2,@USERÂ  they just let 2 terrorists go from Gitmo they have room,0.0,0.0,0.0,0.0,0.0
AU-YouTube-3,USA BIGGEST TERRORISTS,1.0,1.0,0.0,1.0,1.0
AU-YouTube-4,China isn't nothing but a crap ton of terrorists in one crap hole country. We should kick every one of them out of USA,1.0,1.0,1.0,1.0,1.0
AU-YouTube-5,Taiwan president should issue warning to fag xi jin ping n put him on most wanted,1.0,1.0,1.0,1.0,1.0
AU-YouTube-6,I look more Abo than Gordon Reid and i ain't got any Abo in me.,0.0,1.0,1.0,1.0,0.0
AU-YouTube-7,"Go to hell, Abbo knees",0.0,1.0,1.0,0.0,1.0
AU-YouTube-8,Well good  for one good for why should the abos get it all,0.0,1.0,0.0,0.0,1.0
AU-YouTube-9,Calling people Abo is so 1960's racist slang,0.0,0.0,0.0,0.0,0.0
AU-YouTube-10,The special treatment is for real abbos only.......equality.,0.0,1.0,1.0,1.0,0.0
AU-YouTube-11,"The US is committed to defending Australia? ğŸ˜†ğŸ¤£ğŸ˜†ğŸ¤£ğŸ˜†ğŸ¤£ sooo fucken funny, the US should first be able to defend itself. Two fascist coward terrorist nations are making fool of themselves",0.0,1.0,1.0,0.0,1.0
AU-YouTube-12,@USERÂ  no clue joe north atlantic terrorist organisation didnt commence to expand 2014,0.0,0.0,0.0,0.0,0.0
AU-YouTube-13,Well done Australia but as a proud Pom England to be fair never turned up ğŸ‘ğŸ‘ğŸ‘ğŸ‘ğŸ‘ğŸ‘,0.0,0.0,0.0,0.0,0.0
AU-YouTube-14,Bruh Nelson Mandela was a communist terrorist he and his wife used to burn opponents with burning tires and blew up school buses,0.0,0.0,0.0,1.0,0.0
AU-YouTube-15,What part of hammass being labeled terrorists did you miss???,0.0,0.0,0.0,1.0,0.0
AU-YouTube-16,Because they are into trafficking woman so to them it's like ordering lunch they are sickening pedophiles,0.0,1.0,0.0,0.0,0.0
AU-YouTube-17,"As a  Pom im proud of you at Sky Aus 
IM ASHAMED OF SLY NEWS UK ,i cant believe the difference between true truth & the shite we are sold at home",0.0,0.0,0.0,0.0,0.0
AU-YouTube-18,Key findings: There's no curry restaurant on the Moon (soon to change). They'll call the franchise the Luney Indian.,0.0,0.0,1.0,1.0,0.0
AU-YouTube-19,"â€‹â€‹Â @USERÂ we would hv established few curry restaurants before your ""mass transits"" And  curry would be shoved down your throats as a welcome meal.",0.0,1.0,1.0,1.0,0.0
AU-YouTube-20,Does it have curry on board?,0.0,0.0,0.0,0.0,0.0
AU-YouTube-21,At least they now know that India is more than just curry and cricket ğŸ˜…,0.0,0.0,0.0,1.0,1.0
AU-YouTube-22,"And Australians can't wait a second to say Cunt and Mate, clown from Kangaroo Land",0.0,1.0,1.0,0.0,0.0
AU-YouTube-23,Made out of paper.... fuelled by curry farts!,0.0,1.0,0.0,1.0,0.0
AU-YouTube-24,"@USERÂ  So what are u crying about here..

Ur country can't even deal with animals like rabbits, Camels, foxes not even frogs lol ğŸ˜…..

So forget about space...",0.0,0.0,0.0,1.0,0.0
AU-YouTube-25,Fuck off Australia just before made making fun of us and morale support fucking cunts white are,1.0,1.0,1.0,1.0,1.0
AU-YouTube-26,"â€‹Â @USERÂ stupid
Your country only funds Terrorist ngo Missionary",1.0,0.0,1.0,1.0,1.0
AU-YouTube-27,The ABC is infested with communists who love the terrorists in Palestine and hate democratic Israel,1.0,1.0,1.0,0.0,1.0
AU-YouTube-28,Islam is a satanic ideology for pedophiles and weak minded people,1.0,1.0,1.0,1.0,1.0
AU-YouTube-29,JUSTIN TRUDEAU PM OF CANADA SELF PROCLAIMED FEMINIST LOVES ENSLAVEMENT OF WOMEN BY ISLAMIC TERRORISTS BUT MAYBE KARMA IS COMING HOME TO THIS BASTARD HE HAS CORONAVIRUS HOPEFULLY IT WILL BE FATALE,1.0,1.0,1.0,1.0,1.0
AU-YouTube-30,"Watch the video.  Her murderers had SMILES and looks of nonchalance on their faces.  To them, this was fun and no big deal.",0.0,0.0,0.0,0.0,0.0
AU-YouTube-31,"By giving the Islamic council access to the Taliban they will inspire more terrorist activities here in Australia, it's reckless and it's a dumb idea",0.0,1.0,0.0,1.0,1.0
AU-YouTube-32,kick these cunts out    oz catch hold of your selves,0.0,1.0,0.0,1.0,1.0
AU-YouTube-33,Taliban are Terrorist .Just say no. They created a Humanitarian crises. Taliban are killing and torchuring women and  people daily.,0.0,0.0,0.0,1.0,1.0
AU-YouTube-34,"I am an afghan muslim escape from discrimination rule of Taliban, they are a terrorist group, no need to talk with such Extremist group",0.0,0.0,0.0,1.0,0.0
AU-YouTube-35,same traitor coward terrorists as always happens ğŸ˜µğŸ’€ğŸ–¤ğŸ’”ğŸ¤£ğŸ˜­ğŸ˜‹ğŸ˜ğŸ’¤,0.0,0.0,0.0,1.0,1.0
AU-YouTube-36,They need to be labelled as terrorist groups an deported..,1.0,1.0,1.0,1.0,1.0
AU-YouTube-37,"just like America it's world leader, when they are strong, funding terrorist and manipulation poor people into terrorist just like taliban.",0.0,0.0,1.0,1.0,1.0
AU-YouTube-38,Mechanical engineer to go to school ğŸ˜‚ just give them what is right for them you cunt tell him piers. Islamic can't stop gila or woman to get educated. What a pricks,0.0,1.0,1.0,1.0,1.0
AU-YouTube-39,schools are closed because u mf put murderers in schools they are setteling the schools and temp closed them to make things peaceful,0.0,0.0,0.0,0.0,0.0
AU-YouTube-40,This man with a beard is very malicious and unfortunately the majority of Muslims support him and practice the same provocative method and evade the answer. Terrorist ideology distorts human nature.,1.0,1.0,1.0,1.0,0.0
AU-YouTube-41,"It's Achmed the terrorist ğŸ˜‚ğŸ˜‚ğŸ˜‚ I was expecting him to say ""silence I kill you"" ğŸ˜‚ğŸ˜‚",1.0,1.0,1.0,0.0,0.0
AU-YouTube-42,I bet that  turban towel head married his 6 year daughter,1.0,1.0,1.0,1.0,1.0
AU-YouTube-43,Blow that towel head up,1.0,1.0,1.0,0.0,1.0
AU-YouTube-44,Shout it out Meg!!..A CAT  CANNOT BE A DOG!!!!!!..A FROG CANNOT BE A RABBIT..A BUTTERFLY CANNOT BE  PIGEON...A FISH CANNOT BE AN ANT AND FINALLY A MAN CANNOT BE A WOMAN.!!!.,1.0,1.0,1.0,0.0,1.0
AU-YouTube-45,"non binary was invented by a pedophile named Alfred kinsie, saying you're non binary is like walking around quoting jeffrey Epstein",1.0,1.0,1.0,1.0,1.0
AU-YouTube-46,Child abuse  !! Mental child abuse ! She's not a parent  ! She's a pedophile  !,1.0,0.0,1.0,0.0,1.0
AU-YouTube-47,"she only needed that episode to be shown, now its on the internet and every poor kid can see it, evil fucking cunts !!!
what the actuall fuck is wrong with this groomers????",0.0,0.0,0.0,0.0,0.0
AU-YouTube-48,DEATH TO THE PALE SOUTH AFRICAN CUNT WHORE INVADERS!,1.0,1.0,1.0,1.0,1.0
AU-YouTube-49,Any people who are supporting this. They are supporting pedophiles who are going to target children to think this normal thinking,0.0,1.0,1.0,0.0,1.0
AU-YouTube-50,"Because without ""straight"" you wouldn't be here at all ya shirtlifter. We'd die out in a generation if we were all homos.",1.0,1.0,1.0,1.0,1.0
AU-YouTube-51,Eww this is all disgusting...next they will have pedophiles claiming they identify as a child ....crazy,0.0,1.0,1.0,1.0,0.0
AU-YouTube-52,The Satanic Global Elite pedophiles are behind all these trans people...they are going after our kids after desecrating the men and women.... please fight back. We are many against their few....,1.0,1.0,1.0,1.0,1.0
AU-YouTube-53,Stop trying to push the rainbow agenda on our kids prek they need trans drag queen showns in school ? Really? Keep your pedophiles books,1.0,1.0,1.0,0.0,1.0
AU-YouTube-54,Of course he supports all terrorists,0.0,1.0,0.0,1.0,1.0
AU-YouTube-55,"He can't wait for pedophiles to be added to the alphabet people. Won't be long now, couple of years Joe then you can sniff all the kiddies you want.",1.0,0.0,1.0,1.0,0.0
AU-YouTube-56,"Pandering to groomers and pedophiles, that's the way Joe rolls.",1.0,0.0,0.0,0.0,1.0
AU-YouTube-57,The West are the Pedophile Capital of the WorldğŸ¤®ğŸ¤®ğŸ¤®,1.0,1.0,0.0,0.0,1.0
AU-YouTube-58,The lgbtq+ donâ€™t accept pedophiles but nice try. Provide some evidence if i am wrong,0.0,0.0,0.0,0.0,0.0
AU-YouTube-59,"So the Biden regime will invite an openly Pedophile next ,  to stop the stereotype about MAPS . People  ?  FJB AND HIS REGIME ğŸ¤¬",1.0,0.0,1.0,0.0,0.0
AU-YouTube-60,Youâ€™re Irish and you support your pals the Provisional IRA murderers of the innocent Australian civilians Stephen Melrose and Nick Spanos. You support terrorists.,0.0,1.0,1.0,1.0,1.0
AU-YouTube-61,Can we now admit trannies are fucking nuts,1.0,1.0,1.0,1.0,1.0
AU-YouTube-62,"The proverbial slippery slope !!!!!
They Fd up,  they came for our children !!!!",0.0,0.0,0.0,0.0,1.0
AU-YouTube-63,This is how they work.  They are domestic terrorists.  They are taking over corporations world wide and nothing good will come of it.,0.0,1.0,0.0,0.0,1.0
AU-YouTube-64,"until the Terrorists(Normal Society) start strapping themselves with IED's & AR's and stand between LGBTQ and start blasting! 
HECK YEAH!!!!!!!!!!!!!!!!!!!!!!",1.0,1.0,1.0,1.0,1.0
AU-YouTube-65,"The '+' is for Pedophiles and, the euphimistically called, Minor Attracted Persons.",0.0,1.0,0.0,1.0,0.0
AU-YouTube-66,To late! The damage is already done! Laws should be put back in place making homo sexuality illegal!,1.0,1.0,1.0,1.0,1.0
AU-YouTube-67,"Good for Uganda. 
LGBT is a trojan horse to transgenderism and grooming children.
The slippery slope is real.",1.0,1.0,1.0,0.0,1.0
AU-YouTube-68,Best wishes Uganda . Fighting back against violent homosexuality  & the grooming and violation of children . Australia .,1.0,1.0,1.0,0.0,0.0
AU-YouTube-69,"@USERÂ ...That's not what the the news anchor said concerning the Ugandan law.  He said Death penalty is for AGGREVATED  homo crimes against children, and passing HIV to same sex partners.",0.0,0.0,0.0,0.0,0.0
AU-YouTube-70,"He isn't gay he is miserable.
Whether he is hetero or homo is another matter.",0.0,0.0,0.0,1.0,0.0
AU-YouTube-71,Get trannies out of womens/mens sports. I think most people would agree. These people should start their own divisions if they want to compete.,1.0,1.0,1.0,1.0,1.0
AU-YouTube-72,Is Trudeau now pedophile or homosexual?,1.0,0.0,1.0,1.0,1.0
AU-Reddit-0,"Imagine how clever he thought he was being writing that tweet - ""her last name is Abo; boy, have I got some gold up my sleeve.""",0.0,0.0,0.0,0.0,0.0
AU-Reddit-1,Poof doof and bush doofs,0.0,0.0,0.0,0.0,0.0
AU-Reddit-2,Yes cuntâ€¦ it is,0.0,0.0,0.0,0.0,1.0
AU-Reddit-3,"Lmao - time to start your tally. I was gettin ""ching chong china-man'd"" back in grade 3",1.0,1.0,1.0,0.0,1.0
AU-Reddit-4,Call a dumb cunt a dumb cunt - and call the police,0.0,0.0,0.0,1.0,0.0
AU-Reddit-5,"It's not lock down, it's lock out, which was long before the pandemic.

For all the awesome Leb foodie night life, come out to Bankstown area, and then drop by my place for Wheel of Yagoona",0.0,0.0,0.0,0.0,0.0
AU-Reddit-6,"So, to summarise your point, all those fucking low-life gooks sandgropers were racist towards you even though you don't look like a towel head and they were OK when you talked like a pom ?",1.0,1.0,1.0,1.0,1.0
AU-Reddit-7,"""Super racist remarks""

""Ching Chong""

We're doomed.",1.0,1.0,1.0,1.0,1.0
AU-Reddit-8,If an Asian guy wants to call his burger a ching chong burger then let him.,1.0,1.0,1.0,0.0,1.0
AU-Reddit-9,You may have just seen some drunks coming back from denzel curry tbh,0.0,0.0,0.0,0.0,0.0
AU-Reddit-10,"They knew they were doing the wrong thing, but they'd already decided to do it, so they found a way to justify it to themselves. Stupid, selfish cunts. Everyone on that boat deserves an uppercut.",0.0,0.0,0.0,1.0,0.0
AU-Reddit-11,"It is a thing, only different now is we are full of dumb cunts who don't use the other half of their brain.",0.0,0.0,0.0,0.0,0.0
AU-Reddit-12,Welcome to Melbourne. Full of youth criminals and sluts. They all deserve to be stabbed,1.0,1.0,1.0,1.0,1.0
AU-Reddit-13,Being a real estate agent requires no education and is everyone's fallback job. Are you really surprised that they're cunts? They're just being them.,0.0,0.0,0.0,0.0,1.0
AU-Reddit-14,Recovering Mormon and fellow homo here. Congratulations on the change in lifestyle. Moved to Brisbane in 2017. Feel free to send a DM if you'd like,0.0,0.0,0.0,0.0,0.0
AU-Reddit-15,"The understanding that ""Cunts fucked"" is something that is broken and cannot be repaired, or is not going to be financially insignificant to repair.",0.0,0.0,0.0,0.0,0.0
AU-Reddit-16,Come around to my place cunt and we can see,0.0,0.0,0.0,0.0,1.0
AU-Reddit-17,"short answer No, you are not :) fuck those cunts",0.0,0.0,0.0,1.0,0.0
AU-Reddit-18,So your mother-in-law is a cunt? and so is her sister? It happens.,1.0,0.0,0.0,0.0,0.0
AU-Reddit-19,I prefer chicken katsu curry.,0.0,0.0,0.0,0.0,0.0
AU-Reddit-20,"The cunts who can't turn a block later or earlier on a right turn with a turning lane and decide to clog up a lane really grinds my gears.

Still better than Redlands......",0.0,0.0,0.0,0.0,1.0
AU-Reddit-21,"Typical abos. Im from the far north and this is a daily occurrence,  even woman doing it to 120kg full grown ass men.. alcohol and drugs play a huge part.",0.0,1.0,1.0,1.0,0.0
AU-Reddit-22,Thatâ€™s fine. With the new digital loss of rights act. We can get a god fearing Christian warrior in the police to plant some cp on the homos hard drive. Problem solved.,1.0,1.0,1.0,1.0,1.0
AU-Reddit-23,"My friend djs at poof doofs in prahran so he recommends that 

Also theres a meetup discord URL",0.0,1.0,0.0,0.0,0.0
AU-Reddit-24,"Saturdays - poof doof.
Weekdays- Sircuit, Rainbow, Peel",0.0,0.0,0.0,0.0,0.0
AU-Reddit-25,"*in a civil suit.

Now bring this murderer to a military tribunal and throw him in jail.",0.0,0.0,0.0,0.0,0.0
AU-Reddit-26,"Jesus a week before the guy was supposed to get married, and the article says that the murderer was unknown to the victims. How horrible and random.",0.0,0.0,0.0,0.0,0.0
AU-Reddit-27,They'd be walking if he was a double murderer.,0.0,0.0,0.0,0.0,0.0
AU-Reddit-28,What about little Suzie who going to stop her doing onlyfans an being a disgusting slut,1.0,1.0,1.0,0.0,0.0
AU-Reddit-29,No doubt 10 years and bail at 5 like the other teen murderers get. Disgusting,0.0,0.0,0.0,0.0,0.0
AU-Reddit-30,Heâ€™s a murderer in the same way Hans Moleman from the Simpsons is blind,0.0,0.0,0.0,0.0,0.0
AU-Reddit-31,""" They say I know fkn nothing! But I know fk all! ""

-Wog Boy 

Now googling 'muzza'",0.0,0.0,1.0,0.0,0.0
AU-Reddit-32,"Man I jerked off over her so many times in grade 11 even with the wog Moe.

Same with Rose Byrne in two hands",0.0,0.0,0.0,0.0,0.0
AU-Reddit-33,"Gets said on minesites alot.

Aboriginals also use it as a add-on to their casual racism. Ie. White cunt, black cunt, dog cunt etc.

In general society it's not quite so used.",1.0,1.0,1.0,1.0,1.0
AU-Reddit-34,Anjappar in the HSBC building. Try their Egg Curry and Rice.,0.0,0.0,0.0,0.0,0.0
AU-Reddit-35,Hunter connection - Malaysian curry is cheap and very decentv for the money imo. Roti set for the win.,0.0,0.0,0.0,0.0,0.0
AU-Reddit-36,I want to know what's in the green file. Curry + accounting on a Wednesday night?,0.0,0.0,0.0,0.0,0.0
AU-Reddit-37,King curry hut - Bracken ridge!,0.0,0.0,0.0,1.0,0.0
AU-Reddit-38,Curry n cask in corinda is the best.,0.0,0.0,0.0,0.0,0.0
AU-Reddit-39,"I dunno, Ravneels Curry House at Burpengary is pretty good",0.0,0.0,0.0,0.0,0.0
AU-Reddit-40,"IGA in Royal St, East Perth serves delicious takeaway curry/Indian food in containers.",0.0,0.0,0.0,0.0,0.0
AU-Reddit-41,"House of Spice in Baldivis does a delicious goat curry. Mother India in Fremantle is amazing too, but theyâ€™re only open on weekends, and I donâ€™t think they do a goat curry.",0.0,0.0,0.0,0.0,0.0
AU-Reddit-42,Curries on Blvd Joondalup does a good goat curry,0.0,0.0,0.0,0.0,0.0
AU-Reddit-43,"Check out the curries at Logical Indian at Rundle Mall, Next to HnM.",0.0,0.0,0.0,0.0,0.0
AU-Reddit-44,Name something more iconic than a crusty old racist aussie cunt,1.0,0.0,1.0,1.0,1.0
AU-Reddit-45,"Typical right wing old cunt, not surprising. Can't even tell the difference between Asians",1.0,1.0,1.0,1.0,1.0
AU-Reddit-46,â€œFukn chinks are spying on me fishesâ€,1.0,1.0,1.0,0.0,1.0
AU-Reddit-47,"Does the Pope shit in the woods?
It's not rocket surgery.
Ironing out the chinks.",0.0,1.0,1.0,0.0,1.0
AU-Reddit-48,Probably should have made it more clear that this post was just for laughs so that people didnâ€™t feel the need to define chinks...,1.0,1.0,1.0,0.0,1.0
AU-Reddit-49,iron out all the chinks thatâ€™s right thatâ€™s my education minister right there ğŸ˜¤ğŸ˜¤ğŸ˜¤,1.0,1.0,1.0,0.0,1.0
AU-Reddit-50,She will be ironing for a very long time in syd...chinks everywhere. She may need a steam press. A BIG ONEğŸ˜·,1.0,1.0,1.0,1.0,1.0
AU-Reddit-51,"I run a sparky business and I have to answer every call. Honestly 50% of calls now are from some cunt trying to scam me, or sell me something",0.0,0.0,0.0,0.0,0.0
AU-Reddit-52,"Well of course he would, thats how them secretly Moslem Lebs are.

/s",1.0,1.0,1.0,1.0,1.0
AU-Reddit-53,My leb friends say Mr. Shawarma in Greenacre is good shawarma. I haven't tried it myself though.,0.0,0.0,0.0,0.0,0.0
AU-Reddit-54,Lebs. Guaranteed.,0.0,1.0,0.0,0.0,0.0
AU-Reddit-55,These cunts getting one cent of taxpayers money for their brainwashing is some bullshit,0.0,0.0,0.0,0.0,0.0
AU-Reddit-56,Can religious church's stop hiring pedophiles?,0.0,0.0,1.0,0.0,1.0
AU-Reddit-57,They also have poof doofs at the ivy.,1.0,0.0,1.0,0.0,0.0
AU-Reddit-58,"You will be safe at Poof Doof, but bored. Try Heaps Gay or Unicorns parties. More â€˜varietyâ€™ of people of the rainbow!",0.0,0.0,0.0,0.0,1.0
AU-Reddit-59,"As a straight bloke I have been to Poof Doof with other straight mates. The only thing to watch out for at Doof are the straight chicks, they are cooked cunts.",1.0,1.0,1.0,1.0,1.0
AU-Reddit-60,">So of course like a modern homo 

Do gay men refer to themselves (and each other?) as homos? I only know two gay men but I've never heard them use that term.",1.0,0.0,0.0,1.0,0.0
AU-Reddit-61,It's just cunts trying to sell shit. Not even kidding.,0.0,0.0,0.0,0.0,0.0
AU-Reddit-62,"Bearded tit has a heap on! 
Sad Dyke Sundays is making a return this weekend too â˜ºï¸",1.0,0.0,0.0,0.0,0.0
AU-Reddit-63,Also Basil â€œI hate homeless peopleâ€. Cunt.,1.0,0.0,0.0,1.0,1.0
AU-Reddit-64,Odds on the Principal is a raging homo.,1.0,1.0,1.0,1.0,1.0
AU-Reddit-65,Get rid of him. We love homos.,0.0,0.0,0.0,0.0,0.0
AU-Reddit-66,Those homos and their welcome to country/policing agenda.../s,1.0,0.0,1.0,1.0,1.0
AU-Reddit-67,Another homo-in-denial joins the ranks.,1.0,1.0,1.0,1.0,1.0
AU-Reddit-68,Pedophile cult covers up pedophila. What's new? Poor woman.,0.0,0.0,0.0,0.0,0.0
AU-Reddit-69,"I hear he has disbanded the navy too. He did an inspection, so many boat peopleğŸ˜±",0.0,0.0,0.0,0.0,0.0
AU-Reddit-70,But some of those boat people were au pairs.,0.0,1.0,1.0,0.0,0.0
AU-Reddit-71,"Ah the irony, when Australians become the boat people.",0.0,0.0,1.0,1.0,1.0
AU-Reddit-72,"Majority of people in this country are selfish, miserable bastards. Simple.

Never mind, some dickhead pointed out only 41.1% of Australians are dirty, old cunts. My bad!",1.0,1.0,0.0,1.0,1.0
AU-Reddit-73,Meanwhile in Brighton it's Lebs on jet skis doing the same crap.,0.0,1.0,1.0,1.0,1.0
AU-Reddit-74,This thread reinforces that Sydney is full of entitled cunts who all think they are right.,0.0,0.0,0.0,1.0,1.0
AU-Reddit-75,Its always a shit show there. I heard a Nurse at DoC call indigenous employees as boongs because they talked loudly.,0.0,0.0,1.0,1.0,0.0
AU-Reddit-76,Your landlord is a shit cunt.,0.0,0.0,0.0,0.0,1.0
GB-YouTube-0,Out of all the immigrants how many are gonna go back home?,0.0,1.0,1.0,0.0,0.0
GB-YouTube-1,Well it'd be a shame if Paddy lost you in the ocean.,0.0,0.0,0.0,0.0,0.0
GB-YouTube-2,"@USERÂ  Very few  Poles in Ireland now, they went to better places once the Celtic  Tiger went tits up.",0.0,0.0,0.0,0.0,1.0
GB-YouTube-3,People are protesting all over Ireland not just Dublin rural Ireland is swamped with immigrants aswell,0.0,1.0,0.0,0.0,0.0
GB-YouTube-4,Now you know how we feel when your pikeys come over to england! ğŸ˜‚ğŸ˜‚ğŸ˜‚,1.0,1.0,1.0,1.0,1.0
GB-YouTube-5,The illegal immigrants are far smarter than the Irish Government.,0.0,1.0,0.0,0.0,0.0
GB-YouTube-6,"Too right,I know you have poles living and working in ireland and many married Irish ladies,they have fitted in quite well, similar cultures.",0.0,0.0,0.0,0.0,0.0
GB-YouTube-7,"Home Office will do nothing.  Illegal immigrants are more valuable than us.  BICYCLE S are expensive, I had to save to buy one.  WHERE DID THEY GET Â£ HUNDREDS ????",1.0,1.0,0.0,0.0,1.0
GB-YouTube-8,SOUTH AFRICANS are called xenophobic when they complain about illegal immigrants who get employed and paid cheap labour. Thank you,0.0,0.0,0.0,0.0,1.0
GB-YouTube-9,No law and order against the illegal immigrants criminals cartels fentanly drugs,1.0,1.0,1.0,0.0,1.0
GB-YouTube-10,"when immigrants have the vote, an vote to say they're for immigration, how can you tell what the true figures are?",0.0,0.0,0.0,1.0,0.0
GB-YouTube-11,I've just seen a group of 8 immigrants walking  in my village. It's a disgrace and shouldn't be allowed!!!!!,1.0,1.0,1.0,1.0,1.0
GB-YouTube-12,Including chinese immigrants credible questions they bring illegal drugs and gambling that not allowed in their own country,1.0,1.0,1.0,1.0,0.0
GB-YouTube-13,Love to Britain thats the path to follow. Massive economical immigrants taked as for asylum seekers will cause mayhem like in France please follow the path of Poland and Hungary.,0.0,0.0,1.0,0.0,1.0
GB-YouTube-14,Yeah yeah yeah weâ€™ve heard this all before. He wants more immigrants not less. Lies lies lies,0.0,0.0,0.0,0.0,1.0
GB-YouTube-15,"Have a look at London and Paris,
Having too many immigrants is bad for most country",1.0,1.0,1.0,1.0,1.0
GB-YouTube-16,USA doesnâ€™t admit as many immigrants as Canada. Take a look up here itâ€™s insanity,0.0,0.0,0.0,0.0,0.0
GB-YouTube-17,They never address the elephant in the room which is that only 1 in 5 Muslims immigrants work in the U.K.,0.0,0.0,1.0,0.0,0.0
GB-YouTube-18,saw a youtuber channel eh went to village in slovkia alot of the gypsy people there want to come back to uk,1.0,0.0,0.0,0.0,1.0
GB-YouTube-19,@USERÂ  Glad you are where you belong - at last. My family are all immigrants and nobody ran away. Says more about you than Britain.,0.0,0.0,0.0,0.0,0.0
GB-YouTube-20,@USERÂ  A pikey calling someone uneducated. The irony is painful ğŸ˜‚,1.0,0.0,1.0,1.0,1.0
GB-YouTube-21,@USERÂ  Islamic terrorists,0.0,0.0,1.0,1.0,1.0
GB-YouTube-22,ğŸ˜‚but paki never tried to stop the accident by shooting it down ..probably they love accident ğŸ˜‚,1.0,1.0,1.0,0.0,1.0
GB-YouTube-23,"Now that a high profile burning of the homosexual and queer 'pride' flag has been made, maybe he should do the same in order to recant.  I'm surprised that more of this is being done by Muslims.",1.0,1.0,1.0,1.0,0.0
GB-YouTube-24,Show your audience them Ukrainian nazis,1.0,1.0,1.0,1.0,1.0
GB-YouTube-25,"We Poles ğŸ‡µğŸ‡± share with British ğŸ‡¬ğŸ‡§common Christian legacy âœï¸, but you do prefer Muslims â˜ªï¸ ğŸ‘",0.0,0.0,0.0,1.0,1.0
GB-YouTube-26,We think the U.K. should  look at European immigrants . 6 million compared to 500k since 2015. 600k since 2008.,0.0,0.0,0.0,0.0,0.0
GB-YouTube-27,"British people refuse to do the jobs immigrants will do. 
Education is poor in the UK immigrants fill skill shortages.",0.0,0.0,0.0,0.0,0.0
GB-YouTube-28,Before long we will have more immigrants than UK citizens.  What do our government do?? Poke their noses in other countries wars. Wake up,0.0,0.0,1.0,0.0,1.0
GB-YouTube-29,Brits are just jealous. All these immigrants are highly educated and hard working. They are putting lazy British to shame,1.0,0.0,1.0,0.0,1.0
GB-YouTube-30,"Those are the skilled immigrants that have integrated into Western societies, instead of creating parallel societies within their new host country.",0.0,0.0,0.0,1.0,0.0
GB-YouTube-31,"It doesnâ€™t lol, not when most immigrants that people are angry about are the dinghy scroungers",1.0,1.0,1.0,1.0,1.0
GB-YouTube-32,"There's no one to vote for who wants to stop it.
 The won't realise how bad it is until the immigrants vote to deport the British. ğŸ‰",0.0,1.0,1.0,0.0,1.0
GB-YouTube-33,"Australia take in more net immigrants per person than we do- they're on track for over 300,000 this year. So you'd be looking at similar levels, maybe more.",0.0,0.0,0.0,0.0,0.0
GB-YouTube-34,"By definition these "" illegal "" immigrants are criminals but instead of being penalised , like everyone else, they get rewarded. A total insult to the British people",0.0,1.0,1.0,1.0,1.0
GB-YouTube-35,"Scrap the processing, SIMPLY ROUND THESE ILLEGAL CRIMINAL IMMIGRANTS UO GET THEM ON A BOAT AND SEND THEM TO THE DESERTS THEY CAME FROM, OR FRANCE.",1.0,1.0,1.0,1.0,1.0
GB-YouTube-36,You have to give them I.d if you  buy fags the cheek,1.0,0.0,0.0,0.0,0.0
GB-YouTube-37,"But wait...............I thought that illegal immigrants were not working, getting everything for free? Which is it?",0.0,0.0,0.0,1.0,0.0
GB-YouTube-38,"Whatâ€™s the problem? Itâ€™s called capitalismâ€¦â€¦â€¦supply and demand! If it wasnâ€™t for plucky immigrants you wonâ€™t get your pizza. Leave them alone, you Brexit Bullies!",0.0,0.0,0.0,1.0,0.0
GB-YouTube-39,The officers ğŸ‘®â€â™€ï¸ want to nip down the coast theyâ€™ll find plenty there! Not hard is it ğŸ¤¦ğŸ¼â€â™‚ï¸ğŸ˜¡,0.0,0.0,0.0,0.0,0.0
GB-YouTube-40,@USERÂ  Donald Trump he is more British than the ones we have 50% Mommy is a Jock and he knows how to run Hotels he will get a better deal for our Illegals.,0.0,0.0,0.0,1.0,1.0
GB-YouTube-41,Muslim women with nice car helps immigrants cheat...no????,1.0,1.0,1.0,1.0,1.0
GB-YouTube-42,All immigrants lawyers are filthy rich ...,0.0,0.0,0.0,1.0,1.0
GB-YouTube-43,An immigrant helping immigrants get in the UK. Nothing new here,0.0,1.0,1.0,0.0,1.0
GB-YouTube-44,Labour councillor helping illegal immigrants bypass U.K. immigration laws ! How is this being tolerated by the Labour Party ?,0.0,1.0,0.0,0.0,0.0
GB-YouTube-45,We pakis are the most corrupt folks.,1.0,1.0,1.0,0.0,1.0
GB-YouTube-46,@USERÂ  i dont eat frogs anyway so fuck em,0.0,0.0,0.0,0.0,0.0
GB-YouTube-47,"@USERÂ  Umh! Hitler and the Nazis who pillaged, terrorised and murdered the French??",0.0,0.0,0.0,0.0,0.0
GB-YouTube-48,"If you really want to shorten the war, Russia, try messing with the Poles ğŸ˜‚",0.0,0.0,0.0,0.0,0.0
GB-YouTube-49,Wagner are standing by the Belarus border in case the poles try anything stupid.,0.0,0.0,0.0,0.0,0.0
GB-YouTube-50,â€‹Â @USERÂ Did you miss the attacks on civilians by the Neo Nazi Avoz in The Donbass since 2014 which has killed over 100 children ?,0.0,0.0,0.0,0.0,0.0
GB-YouTube-51,@USERÂ  i agree. I was talling about gypsy Romanians. Sorry!,0.0,0.0,0.0,0.0,0.0
GB-YouTube-52,@USERÂ  Gypsy send to Albania Romanians back home and let uk be uk,1.0,1.0,1.0,1.0,1.0
GB-YouTube-53,Civil war to expell Islam and queers needed .,1.0,1.0,1.0,1.0,1.0
GB-YouTube-54,I am a Muslim from Pakistan. But I see whats wrong with UK. Just letting Immigrants in and then complaining.,0.0,0.0,0.0,0.0,1.0
GB-YouTube-55,"Alice is so right ,your a boy or a girl as simple as that  give me a break whos making up these new gender benders some gay it",1.0,1.0,1.0,1.0,1.0
GB-YouTube-56,"Igaf how transphobic you think I am, youâ€™re gonna learn what it feels like to catch one with your jaw if you gonna try to rob me. Give her damn money back queer bate.",1.0,1.0,1.0,1.0,1.0
GB-YouTube-57,Just call them ladyboys.,1.0,1.0,1.0,1.0,0.0
GB-YouTube-58,"Whoâ€™s Davis? The ladyboy with the Botox eyebrows? 
Why canâ€™t she accept herself as she is - an old woman with 2 trensticles. 
And s(he) is mocking her fellow shemales.",1.0,1.0,1.0,1.0,1.0
GB-YouTube-59,That's OK as long as they stay in India we have enough queers in britain,1.0,1.0,1.0,1.0,1.0
GB-YouTube-60,@USERÂ  What? Most of Europe is just as or more accepting of queer people than the US are...,0.0,0.0,0.0,0.0,0.0
GB-YouTube-61,how can he be gay if he made some kids with a woman :D I thought gays arent turned on by women :D,0.0,1.0,1.0,1.0,0.0
GB-YouTube-62,"ITV has already replaced Philips spot on This Morning with a couple of arabic speaking immigrants just off the boat.  

ITV says their new presenter's represent their wider and majority audience.",1.0,1.0,1.0,0.0,0.0
GB-YouTube-63,"Holly and the POOF on this morning every MORNING what a Joke , thereâ€™s him banging a young man and Holly not doing nothing about it unbelievable ğŸ˜¡ğŸ˜¡ğŸ˜¡ğŸ˜¡",1.0,1.0,1.0,0.0,0.0
GB-YouTube-64,"Why is he only mentioning gays and lesbians? Why is he ignoring the b, q, double spirit and 75 other groups? I am offended on their behalf?",0.0,0.0,0.0,0.0,0.0
GB-YouTube-65,It makes you want to open a bar and hire a lesbian to check for correct genitals at the door. Why cant trans people just open their own bar? That's what gays and lesbians did back in the day.,1.0,1.0,1.0,1.0,1.0
GB-YouTube-66,Trans gender is just down the slippery slope of homosexuality. People living in fantasy land. Men who want to be women. And women who want to have sex like a man.,1.0,1.0,1.0,1.0,1.0
GB-YouTube-67,"What a lesbian being closed minded, bigoted, and sexist. WHO would have thought that!!! BAAAHAAHHHAAAA! Queers acting queer.",1.0,1.0,1.0,1.0,1.0
GB-YouTube-68,"That tranny should SUE them for discrimination! Lesbians say a man CAN be a woman... so why CAN'T they be lesbian too? We ""straight"" men find all this lbgt infighting hilarious! ğŸ˜‚ğŸ˜‚ğŸ˜‚",1.0,1.0,1.0,1.0,1.0
GB-YouTube-69,"You're fine as a frog hair. Can't say I blame himhershehe. Whoever.. anyways, ill shut up now.",1.0,0.0,0.0,1.0,1.0
GB-YouTube-70,@USERÂ  queer theory is making you crazy,1.0,1.0,1.0,0.0,0.0
GB-YouTube-71,"What a joke. All these queers are not getting along. The whole idealogy is sinful & disgusting. These are totally confused people, so no wonder there is chaos within their ranks.",1.0,1.0,1.0,1.0,1.0
GB-YouTube-72,"And this is why the transgender movement of today will lose, because gays and lesbians, once their allies, will want nothing to do with them.",0.0,0.0,1.0,0.0,1.0
GB-YouTube-73,You do all know it will illegal in the future for heterosexual mem to refuse to sleep with men in frocks ? The slippery slope never ever ends,1.0,1.0,1.0,1.0,1.0
GB-YouTube-74,You know that this is exactly what homophobes would say about police protecting a gay & lesbian march from attacks by the nazis?,0.0,0.0,1.0,1.0,0.0
GB-YouTube-75,so now gays are the good guys? gimme a break.,1.0,1.0,1.0,1.0,1.0
GB-YouTube-76,"It used too, alas. And queer used to mean strange. Ah, those were the days. ğŸ˜Œ",0.0,0.0,1.0,0.0,0.0
GB-Reddit-0,"Cupcakes.

Ideally they'll come out identical, but in practice some will be browner than others, so it'll show you how even the heat is and where the hotspots are.",0.0,0.0,0.0,0.0,0.0
GB-Reddit-1,"Aw thanks, now I want pea soup & a fag.",0.0,0.0,0.0,0.0,0.0
GB-Reddit-2,Booze and fags,1.0,0.0,0.0,1.0,0.0
GB-Reddit-3,"As an Alpine owner I would've liked to see that display, but I'm not sure I could've dealt with all the god botherers.",0.0,0.0,1.0,0.0,0.0
GB-Reddit-4,Taking this opportunity for a fag break before we're on! Not heard our entry yet,0.0,0.0,0.0,0.0,0.0
GB-Reddit-5,"Oh god, uni all over again and having to explain that faggots are definitely a thing in the Black Country.",1.0,1.0,1.0,1.0,1.0
GB-Reddit-6,Can't beat chips done in the Ninjja foodie. Also if you can't taste the difference in the variety of tatties you must smoke 60 fags a day and gargle with bleach.,0.0,0.0,0.0,0.0,1.0
GB-Reddit-7,"Man, wait till you hear about Fairytale of New York using the word 'faggot'.",1.0,1.0,0.0,1.0,0.0
GB-Reddit-8,"I enjoy smoking and smirking

And weed may not be legal, but it's eeeeverywhere

And yes, 'can I bum a fag?' is still a common phrase to hear in your average pub",0.0,0.0,0.0,0.0,0.0
GB-Reddit-9,I rarely say cigarette I always say I'm going for a fag,0.0,0.0,0.0,0.0,0.0
GB-Reddit-10,"For me it's the transphobic gays and lesbians. Like once the right wing nuts are done with us, who do you think they're going to target next??",0.0,1.0,1.0,1.0,1.0
GB-Reddit-11,a while back i saw some mush in tescos 7am on a monday morning qued up at the lottery counter in a tiger onesie. looked like he was on the brink of death after a 3 day bender,0.0,0.0,0.0,0.0,0.0
GB-Reddit-12,People wont know that you are native american. They will probably think you are Indian or Paki.,0.0,1.0,1.0,1.0,0.0
GB-Reddit-13,"I apologise upfront for this, but what in gods name is a queer community space, and how does it differ from a community space? Are the benches pink or something?",0.0,1.0,1.0,0.0,1.0
GB-Reddit-14,"Of you move to lo typool for a queer Community space that's all you wouk have.

There is less than shit all in Pontypool.",0.0,1.0,0.0,0.0,1.0
GB-Reddit-15,"The Nazi's were enemies of the Brits, and the Muslims and the Nazi's both hated the Jews. These people need an education.",1.0,0.0,0.0,0.0,0.0
GB-Reddit-16,"Dear Americans, 

When we ask if we can â€œbum a fagâ€, itâ€™s not what you think it is. 

When we say something about a â€œfannyâ€, youâ€™re only a few inches out.",0.0,0.0,0.0,1.0,0.0
GB-Reddit-17,And you should ask tranny's what they call there hole,1.0,1.0,1.0,1.0,1.0
GB-Reddit-18,"I can't, I'm queer and they won't take it",0.0,0.0,0.0,0.0,0.0
GB-Reddit-19,"This morning I had a bag of mixed salad, a piece of cheese and 4 conference pears. Tomorrow I may go liquid and have Pino Grigio and 20 fags.",0.0,0.0,0.0,0.0,1.0
GB-Reddit-20,Why not include TUV in this pole.  Who's the best politician there???,0.0,0.0,0.0,0.0,0.0
GB-Reddit-21,Metal and total gays at the same time!,1.0,0.0,0.0,1.0,0.0
GB-Reddit-22,"loreen's definitely winning, too many elderly gays phone voting for her not to when you combine it with those jury votes",0.0,1.0,0.0,0.0,1.0
GB-Reddit-23,who won or who is in pole position? I hope the Ukraine wins the contest,0.0,0.0,0.0,0.0,0.0
GB-Reddit-24,No pole on this stage set?,0.0,0.0,0.0,0.0,0.0
GB-Reddit-25,Heâ€™s one for the straight girls and gays ğŸ˜‚,0.0,0.0,0.0,1.0,0.0
GB-Reddit-26,"Stale fag smoke, an overcooked (burnt) breakfast, Stella, boak and suncream.

So like Benidorm basically.",0.0,0.0,0.0,0.0,0.0
GB-Reddit-27,"the chippy, stella, crackhead piss and stale fags",1.0,0.0,0.0,1.0,1.0
GB-Reddit-28,"No itâ€™s absolutely not normal. 

It might be normal if his whole family has a drug problem but honestly I wouldnâ€™t go near a family like that with a barge pole. Youâ€™re just asking for trouble ğŸš©ğŸš©ğŸš©",0.0,0.0,0.0,0.0,0.0
GB-Reddit-29,"Wait, you're telling me that as a non-Pole I'm allowed to enter Polish shops?!",0.0,1.0,1.0,0.0,1.0
GB-Reddit-30,Poof buster (Phil) he once sat on a poofÃ© (soft bean bag type thing) and it burst,0.0,0.0,0.0,0.0,0.0
GB-Reddit-31,This pole does not speak for all EU truckers. I wouldnâ€™t worry about him.,0.0,0.0,0.0,0.0,0.0
GB-Reddit-32,I'm a food snob (wouldn't touch walkers with a barge pole) but pretty much all tescos own brand food is excellent these days I find.,0.0,0.0,0.0,0.0,0.0
GB-Reddit-33,"Maybe visit a strip club and visit your fellow Poles?
If you're lucky one of the women might even have a dance on you. Oi oi",0.0,1.0,1.0,1.0,1.0
GB-Reddit-34,Itâ€™s a pity these shops generally arenâ€™t licensed to sell booze because the Poles do some very good beer.,0.0,0.0,0.0,0.0,0.0
GB-Reddit-35,Random thought if you put a dash between paki-Stan are being really racist to a guy name Stan,0.0,1.0,1.0,0.0,0.0
GB-Reddit-36,Londonâ€™s safer than America but Manchester or Brighton are (slighter) cheaper and much nicer and have more accessible communities of queer and trans people.,0.0,0.0,0.0,0.0,0.0
GB-Reddit-37,"im not trans, but i am a queer woman. thank you for putting yourself out there to try and help better educate our country!!!",0.0,0.0,0.0,0.0,0.0
GB-Reddit-38,"I used to work as a barman in the â€˜Washingtonâ€™ Llandudno, it was gay night every Thursday, and it was always packed.

Thereâ€™s a lot of gays up north, theyâ€™re just spread out everywhere.",0.0,0.0,0.0,0.0,0.0
GB-Reddit-39,The bbc donâ€™t give a shit about the safety of queer people. Weâ€™re headlines and targets and nothing more.,0.0,0.0,0.0,0.0,0.0
GB-Reddit-40,"Amazing it took this long. It's soccer, a game full of the gays I'm sure.",1.0,0.0,1.0,1.0,1.0
GB-Reddit-41,"Gays getting HIV - Sleep

Straights getting HIV - Real shit",1.0,1.0,1.0,1.0,1.0
GB-Reddit-42,Jesus im one of those awful gays.  I dont care . I literally fought to be proud of me and ill fight for his free speech.,0.0,0.0,0.0,0.0,0.0
GB-Reddit-43,I think people should just leave the ~~homosexuals about~~ gays alone. They aren't disturbing them. Just leave them alone. They are harmless.,0.0,0.0,0.0,0.0,0.0
GB-Reddit-44,Its not like it was entirely unknown that these people weren't straight. It is always good to have this sort of queer history spotlighted more though.,0.0,0.0,0.0,0.0,0.0
GB-Reddit-45,Beware of the gays..... They're fabulous.,0.0,0.0,0.0,0.0,0.0
GB-Reddit-46,Those gays,1.0,1.0,1.0,1.0,1.0
GB-Reddit-47,"I told an American friend once online that I'll be right back and that I was off to smoke a fag. Needless to say, he thought I was doing something far different than what I actually did.",0.0,0.0,0.0,0.0,0.0
GB-Reddit-48,"Does the person expect all musicals about gays to be called ""Gay! A gay musical""?",0.0,0.0,0.0,1.0,0.0
GB-Reddit-49,"â€œThe samples wonâ€™t delay, but the cablesâ€”â€œ

â€œThereâ€™s another way. Say something. Anything.â€

â€œI DIDNâ€™T REALISE THIS SHOW WAS ABOUT GAYS!â€

â€œâ€¦anything but that.â€",1.0,1.0,1.0,0.0,0.0
GB-Reddit-50,"Wait, the gays have infiltrated musical theatre as well now? /s",1.0,1.0,1.0,1.0,1.0
GB-Reddit-51,I thought rent was awful. But it had nothing to do with gays and more to do with it being inaudible.,0.0,1.0,0.0,0.0,0.0
GB-Reddit-52,"I had no idea Rent was about gays but it wouldn't stop me from enjoying it, if a story about gays is entertaining, i'm more than happy to be entertained.",0.0,1.0,1.0,0.0,0.0
GB-Reddit-53,Gays have cards? are they sparkly?,1.0,1.0,1.0,0.0,0.0
GB-Reddit-54,I'm getting *really* worried about the future of the SNP now and about Queer rights in Scotland.,0.0,0.0,0.0,0.0,0.0
GB-Reddit-55,"Glasgow - Katieâ€™s Bar, Delmonicas, Speakeasy, the Waterloo, Bonjour, Polo, AXM. They also have drag nights at the Cathouse. 

Also a great queer book shop in the southside called Category Isâ€¦",0.0,0.0,0.0,0.0,0.0
GB-Reddit-56,"Yet we're still dithering lest we offend the God botherers.

End this now.",0.0,0.0,1.0,1.0,0.0
GB-Reddit-57,"If ""the gays"" are this powerful then they should be running the place.",0.0,0.0,0.0,1.0,1.0
GB-Reddit-58,"Morgan freeman: there were, in fact, many gays.",0.0,1.0,0.0,0.0,1.0
GB-Reddit-59,"The gays, THEY STOLE THE RAINBOW FROM US....

such a gay complaint",1.0,0.0,1.0,1.0,1.0
GB-Reddit-60,"I'm queer, and i've never said ""yass"" in place of ""yes"".",0.0,0.0,0.0,0.0,0.0
GB-Reddit-61,"cardiff here and yeah noone cares, legit be as queer as you want",0.0,0.0,0.0,0.0,0.0
GB-Reddit-62,"Cannot prove existence of God

Can prove some men like cock

Gays win",0.0,0.0,1.0,1.0,1.0
GB-Reddit-63,"Honestly whoever is directing it, the utilisation of women vs the queers* as the next episode of Culture Wars I'm really not loving it.



*As one of them I allow myself to say that word folks.",1.0,1.0,1.0,0.0,0.0
GB-Reddit-64,"Speaking as a lesbian, I have yet another reason to think facebook is a load of shit.

&#x200B;

I mean, I am literally a devil dyke.",0.0,0.0,0.0,0.0,0.0
GB-Reddit-65,I guess the story of the little Dutch boy who stuck his finger in the dyke/dijk wouldn't be acceptable then.,0.0,0.0,0.0,1.0,0.0
GB-Reddit-66,I (not a native speaker) thought the Devils part was offensive rather than the Dyke part... Now I know another word which I should never use!,0.0,0.0,0.0,0.0,0.0
GB-Reddit-67,And Boris already hates dykes,1.0,0.0,1.0,0.0,1.0
GB-Reddit-68,"There was a british documentary series about Thai Ladyboys a while back. ( cant remember what Channel, probably 4 ).

Really fascinating stuff.

Not sure what their show would be about though?",0.0,0.0,0.0,0.0,0.0
GB-Reddit-69,"I don't know why people are proud to be Nazi's, they *lost*. Why would you want to be associated with a bunch losers.",0.0,0.0,0.0,0.0,0.0
GB-Reddit-70,Nazi's claiming Churchill as their hero is like a poo worshipping toilet roll.,0.0,0.0,0.0,1.0,0.0
GB-Reddit-71,Look on the plus side... he hates Nazi's!,0.0,1.0,0.0,0.0,0.0
GB-Reddit-72,I'm thinking something involving faggots.,1.0,1.0,1.0,1.0,1.0
ZA-YouTube-0,"We blacks must stop ğŸ›‘ visiting white owned resorts , they only want your money, while they see you as Monkey ğŸ™ˆ",0.0,1.0,1.0,1.0,1.0
ZA-YouTube-1,"Who can imitate a mumu like Malema, he is not even a South African, this is why he behaves like his kwerekwere brothers and sisters. He thinks everyone is a prostitute and drug addicts.",1.0,1.0,0.0,1.0,1.0
ZA-YouTube-2,But k don't blame them kwerekweres March and demand also.Why can't they,0.0,0.0,0.0,1.0,0.0
ZA-YouTube-3,"Do away with race classification, jobs for all, rainbow ğŸŒˆ nation",0.0,0.0,0.0,0.0,0.0
ZA-YouTube-4,Affirmative action turned the rainbow ğŸŒˆ completely black.,1.0,1.0,1.0,0.0,1.0
ZA-YouTube-5,@USERÂ  I've always thought that letting a terrorist group run our country was a bad idea...,0.0,1.0,0.0,1.0,0.0
ZA-YouTube-6,Wow. Rainbow ğŸŒˆ turned completely blackğŸ˜…,0.0,0.0,0.0,1.0,1.0
ZA-YouTube-7,Yes. 100 percent correct.  Rainbow ğŸŒˆ turned completely blackğŸ˜…,0.0,0.0,0.0,1.0,0.0
ZA-YouTube-8,America is terrorists,1.0,0.0,1.0,1.0,1.0
ZA-YouTube-9,"The arrogance, sanctimonious and self-righteous attitude displayed by farmers who stole land rejecting compensation from the very people they wronged. Even satan is in awe.",0.0,0.0,0.0,0.0,1.0
ZA-YouTube-10,Youâ€™d swear white people are a living Satan the way they resold in this comment section. They act like devils or possessed,1.0,1.0,1.0,1.0,1.0
ZA-YouTube-11,Killl the BOER the FARMER!!!!! BRRRR POW!  POW!,1.0,1.0,1.0,1.0,1.0
ZA-YouTube-12,He's right. I have to work with Boers in Australia and they deserve anything they get.,1.0,1.0,0.0,0.0,1.0
ZA-YouTube-13,ğŸ˜‚ğŸ˜‚ Sings kill the boer. While the boer protects him. Brains uziko,0.0,1.0,0.0,1.0,0.0
ZA-YouTube-14,Every Boer needs a job unfortunately. ğŸ˜‚,0.0,1.0,1.0,0.0,0.0
ZA-YouTube-15,Iff you wound stop the song kill the farmer kill the boer than whe will sing kill the joutkop kill the blacks is that ok with you malema,1.0,1.0,1.0,1.0,1.0
ZA-YouTube-16,"Lol, guess he will meet the boers who killed his ancestors. ğŸ˜‚",0.0,1.0,1.0,1.0,0.0
ZA-YouTube-17,This man is a terrorist aiming to divide our nation and encite violence while he rakes in millions and lives in luxury we are dying. He is worse than Robert. Wake up people. Get rid of this dictator,0.0,0.0,0.0,0.0,1.0
ZA-YouTube-18,"When Penny Sparrow wrote about blacks as monkeys she was fined R150000
The judge who said that Malemas rhetoric is not hate speech is either  very sick or eff member",0.0,0.0,0.0,0.0,0.0
ZA-YouTube-19,YOU DELUSIONAL COLONIZER YOU DONT EVEN BELONG ON THE LAND. YOU'RE THE ONLY TERRORIST YOU PALE HYPOCRITE,1.0,1.0,1.0,1.0,1.0
ZA-YouTube-20,"BE CAREFULL IT DOESNT BACK FIRE ON THE EFF,AND THAT THE BOER KILLS THE ONES SING THIS SONG.
EVEN THE COURTS ARE ON THE EFF SIDE ,THIS WILL START VERY SERIOUSE ACTIONS AGAINST THE EFF.",0.0,0.0,0.0,0.0,1.0
ZA-YouTube-21,ğŸ˜Š i like the version of kiss ğŸ’‹ the boer kiss the farmer,0.0,0.0,0.0,0.0,0.0
ZA-YouTube-22,Why cant they sing love the boer? It is not about freedom it is about unity! It does stir violence. They are provoking violence. The boer will defend themselves.,0.0,0.0,0.0,0.0,0.0
ZA-YouTube-23,Kill the boer heah ğŸ¶ğŸ¶ğŸ¶ğŸ•ºğŸ•ºğŸ•º,1.0,1.0,1.0,1.0,1.0
ZA-YouTube-24,let him sing . He is uniting the boers again .,0.0,0.0,0.0,0.0,0.0
ZA-YouTube-25,Yes...'Kill the Boer Kill the Farmer' âœŠğŸ¾,1.0,1.0,1.0,1.0,0.0
ZA-YouTube-26,"This song really escalate violence,the meaning is clear,no translation needed,if the Boers can call us Kafirs are we gonna be happy,being called that?",0.0,0.0,1.0,0.0,0.0
ZA-YouTube-27,"Before you guys forget, kiss the boer kiss the farmer, we will sing it and make it amapiano",0.0,0.0,0.0,1.0,0.0
ZA-YouTube-28,"If the eff says dont take this song literally then we can also sing along  "" kill the boer kill the farmer and the farmworkers ...and shoot to kill..nothing wrong with that ğŸ¤”",0.0,1.0,0.0,0.0,0.0
ZA-YouTube-29,For you saying a political party celebration is a terrorist gathering will cause them to terrorize you. Your way of thinking is questionable.,0.0,0.0,0.0,0.0,0.0
ZA-YouTube-30,"If you are complicit in terrorist activities than that is what you are.
You cant say farm murders are crimes. Its terrorist activities that target white people and white farmers.",0.0,1.0,0.0,0.0,0.0
ZA-YouTube-31,So what about the old flag that allso an old fag but banned why that is only a emblem but to me kill a boer means you can kill a boer thats ok.,1.0,1.0,1.0,1.0,1.0
ZA-YouTube-32,How can you say singing kill the blacks is not ok but kill the boer is fine. Jy kan baie k@USER praat neh.,1.0,0.0,1.0,0.0,0.0
ZA-YouTube-33,Uncultured   kill the boer singerğŸ˜‚,1.0,0.0,0.0,0.0,0.0
ZA-YouTube-34,Terrorists are terrorists. They have no country. Raise public awareness against the terrorists and help the police to take stern actions against the terrorists.,0.0,0.0,0.0,0.0,0.0
ZA-YouTube-35,"Ey... those ones are the biggest terrorists, these NGO's have an underlying agenda with SA",0.0,1.0,1.0,0.0,0.0
ZA-YouTube-36,ANC doesn't care about our safety and security everyone just flock to SA even terrorists are here ğŸ˜­ğŸ˜­ğŸ˜­ğŸ˜­,0.0,0.0,0.0,0.0,0.0
ZA-YouTube-37,"Detain and deport all kwerekwere diplomats, and sever all ties with kwerekwere jungle governments",0.0,1.0,1.0,1.0,1.0
ZA-YouTube-38,@USERÂ  I'm not South African. I'm a stinking kwerekwere from zimbabwe.,1.0,0.0,1.0,1.0,1.0
ZA-YouTube-39,Yea them Boers are still here since 1652 but no attack on Dem lolğŸ˜‚ğŸ˜‚ğŸ˜‚ğŸ˜‚,0.0,0.0,0.0,1.0,0.0
ZA-YouTube-40,"Bob, we've never interfered in the affairs of your country, so shut that kwerekwere mouth of yours!",1.0,1.0,1.0,1.0,1.0
ZA-YouTube-41,Even the boers thought we were domkops until June 16 happened and there was no turning back!,0.0,1.0,1.0,0.0,0.0
ZA-YouTube-42,Nonsense is your president in kwerekwere country hamba we don't care go home,0.0,1.0,1.0,1.0,1.0
ZA-YouTube-43,At least there's no crooked ministers always wanting to eat,0.0,0.0,0.0,0.0,0.0
ZA-YouTube-44,Soon only the monkeys will be left at the circus,0.0,0.0,1.0,0.0,0.0
ZA-YouTube-45,Haibo ma sasafrika amahle R300 only? They should do better. I would pay at least 5 figures for that. I guess since the Pakistanis were not Kwerekweres or foreigners they got a huge discount ğŸ˜‚,0.0,1.0,1.0,1.0,1.0
ZA-YouTube-46,"@USERÂ yeah,Iâ€™m having a threeway with Satan and Lucifer",0.0,0.0,0.0,0.0,0.0
ZA-YouTube-47,@USERÂ  you respect satans homophobic community???????,0.0,0.0,0.0,1.0,1.0
ZA-YouTube-48,@USERÂ  yes we understand ur need to support satan. Shame you like satan though this much to support the Devil this way.,0.0,0.0,0.0,0.0,0.0
ZA-YouTube-49,he is wrong for doing satans work,0.0,0.0,0.0,0.0,0.0
ZA-YouTube-50,@USERÂ  you are wrong as you knew and your not a real christian so .... who cares what you say old bean? Go pray to satan as you do sound as if u do anyway.,1.0,0.0,1.0,1.0,1.0
ZA-YouTube-51,"â€‹Â @USERÂ  kwerekwere really? When racists are kicking your but in South Africa. You need to learn and educate yourself about who you are, you are lost.",0.0,0.0,1.0,1.0,0.0
ZA-YouTube-52,haa Malema didn't you say you have joined the Lamba Jews? what are the Lamba Jews views about this?,0.0,0.0,0.0,0.0,0.0
ZA-YouTube-53,"We want our rainbow back ğŸ˜¢

Eff is for gays, only gay people must vote eff.",1.0,1.0,1.0,1.0,0.0
ZA-YouTube-54,"Rights ,hahahahaa what bullshit this rainbow bullshit.",1.0,0.0,1.0,0.0,0.0
ZA-YouTube-55,What about the rights of Christians. The rainbow belings to God not the gays,1.0,1.0,1.0,0.0,1.0
ZA-YouTube-56,If you want to be stupid go to west not in Africa no room for homosexual in Africa âœŠâœŠâœŠ,1.0,1.0,1.0,1.0,1.0
ZA-YouTube-57,Nazi fascist kukluxklan criminals genocidal USA NATO uk Israel Ukraine. These demon satan worshipers FOLLOWERS must be neutralized.,1.0,1.0,1.0,1.0,1.0
ZA-YouTube-58,no one cares... Long live Uganda !!! Stand strong Africa. Protect the children from the rainbow mafia.  ğŸ«¡,0.0,1.0,1.0,0.0,1.0
ZA-YouTube-59,"""Shame poor man,, Satan took over in our lives...ğŸ˜­ğŸ˜­ğŸ™ğŸ½",0.0,0.0,0.0,0.0,0.0
ZA-YouTube-60,Hahahahaaaaaa and you stupid people don't understand  how come south africa is such a cursed country! Keep on hating Israel and being jealous of the Jews ğŸ‰ğŸ‰ğŸ‰ğŸ‰ğŸ˜‚ğŸ˜‚ğŸ˜‚ğŸ˜‚ğŸ˜‚ğŸ˜‚,1.0,1.0,1.0,1.0,1.0
ZA-YouTube-61,You Ashkenazi are being punished by Yah. Fake Jews,1.0,1.0,1.0,1.0,1.0
ZA-YouTube-62,Has everyone forgotten that Hamas is an officially recognised terrorist organisation by the UN ???,0.0,0.0,0.0,0.0,0.0
ZA-YouTube-63,@USERÂ  Hamas is like our ANC back in the day. They are not terrorists. ISIS is a terrorist org. Not Hamas they are the only source of defence,0.0,0.0,0.0,0.0,0.0
ZA-YouTube-64,"dont forget, umkhonto we sizwe who was tasked with fighting the Apartheid government, was also seen as terrorists",0.0,0.0,0.0,0.0,0.0
ZA-YouTube-65,"Russia on the border of Ukraine. Jews vs Christians and Muslims in Jerusalem.  Chinese want to take Tawian back , difficulty with Australia as well.  Stay safe all.",0.0,0.0,0.0,0.0,0.0
ZA-Reddit-0,"As a rule-of-thumb, what monkeys eat is safe for humans. SA has a lot of monkeys.",0.0,0.0,0.0,0.0,1.0
ZA-Reddit-1,Itâ€™s because theyâ€™re being trained in Pretoria by Jews to be [snipers](URL),0.0,0.0,1.0,0.0,0.0
ZA-Reddit-2,"Reading this thread has turned me into a communist, the morality and values of rich Boers is some real upside-down twisted shit lmao",0.0,0.0,1.0,1.0,1.0
ZA-Reddit-3,"Monkey see monkey do. We are sheep and are driven by clicks. Even if we like to think you have an original thought in your mind, you don't. An unfortunate reality that won't change for years.",0.0,0.0,0.0,0.0,0.0
ZA-Reddit-4,Hotnot is the insult,0.0,0.0,0.0,0.0,0.0
ZA-Reddit-5,"Hottentots Holland is the name of the HS i went to and the name is unchanged so im guessing, NO.",0.0,0.0,0.0,0.0,0.0
ZA-Reddit-6,"I had no idea ""rainbow donut"" was a thing",0.0,0.0,0.0,0.0,0.0
ZA-Reddit-7,The rainbow is a lie.,0.0,0.0,0.0,0.0,0.0
ZA-Reddit-8,"This is a very sweet message, thank you for posting, OP. Wishing you a lovely week ahead. <3

But now you've made me wish for a rainbow doughnut and my fat ass can't stop thinking about it. xD",0.0,0.0,0.0,0.0,0.0
ZA-Reddit-9,"As a South African white male, your age. Trump is a cunt. And an idiot",0.0,0.0,0.0,0.0,1.0
ZA-Reddit-10,"Just like Jews are white when it suits them, and Jews when it doesn't.",1.0,1.0,1.0,1.0,1.0
ZA-Reddit-11,Cape Town has so many of these dumb cunts in their Volkswagens,0.0,0.0,0.0,0.0,0.0
ZA-Reddit-12,"Maybe ""Kill the boer, Brr Paa Paa"" didn't give the world confidence of stability of SA economy. 

They dont seem to see it as a struggle chant instead of a statement of intent.",0.0,0.0,0.0,0.0,0.0
ZA-Reddit-13,Elon Musk tweeted about the EFF's Kill the boer.,0.0,0.0,0.0,0.0,0.0
ZA-Reddit-14,"Definitely has to do with â€œKill the Boerâ€

Rand is weakening, even to the Euro.   

As it seemed to be getting stronger something happens again.",0.0,0.0,0.0,0.0,0.0
ZA-Reddit-15,"That boer pampoene song always hits definitely watch the music videos

Berry hoener
Bob Jan

And maybe captuin van die syler",0.0,0.0,0.0,0.0,0.0
ZA-Reddit-16,"Poplak: you are a disgusting sack of molding shit. How that for â€˜satireâ€™, you urban son of a toothless whore?",0.0,0.0,0.0,1.0,0.0
ZA-Reddit-17,"A Jew talking about genocide , no surprise there",1.0,1.0,1.0,1.0,1.0
ZA-Reddit-18,Poplak's other quote should get more attention: Singing â€œKill the Boerâ€ while wearing Gucci loafers is just cosplay by a racketeer masquerading as a politician.,0.0,0.0,0.0,0.0,0.0
ZA-Reddit-19,Amazing. Kudos to the Poles. Fuck these ANC cunt nuggets.,1.0,1.0,1.0,0.0,1.0
ZA-Reddit-20,"We don't really give a fuck what you're into, aslong as it doesn't influence me or my kids lives. Do your thing cunts.",1.0,0.0,0.0,0.0,0.0
ZA-Reddit-21,"I said yes, because fuck that murderous cunt.",0.0,0.0,0.0,0.0,0.0
ZA-Reddit-22,"\>afriforum>right wing

for fuck sakes...  


edit: ""kiss"" the boer.. for fuck sakes....!",0.0,0.0,0.0,0.0,1.0
ZA-Reddit-23,"Terrorist is not the right word anymore, it just describes a part of their character. They have expanded in mean time.",1.0,0.0,0.0,0.0,0.0
ZA-Reddit-24,How are these dumb cunts so fucking retarded,0.0,1.0,1.0,0.0,0.0
ZA-Reddit-25,At what stage do we declare the EFF a terrorist entity? It should have happened 8 years ago.,0.0,0.0,0.0,0.0,0.0
ZA-Reddit-26,I would also recommend Moffie,0.0,0.0,0.0,1.0,0.0
ZA-Reddit-27,"Let me just make sure I'm getting this. Posting a video of a monkey breaking tiles off a roof and captioning it with, ""eff takeover"", is a no no, right?",0.0,0.0,0.0,1.0,0.0
ZA-Reddit-28,"Hypothetically, what about calling the DA monkeys?

No go I assume?",0.0,0.0,0.0,1.0,0.0
ZA-Reddit-29,"""... Saying they [The DA] should be shot isn't""

The court ruled that ""Shoot the Boer"" is protected speech.",0.0,0.0,0.0,1.0,0.0
ZA-Reddit-30,"The bad guys are always ""terrorists"" aren't they?",0.0,0.0,0.0,0.0,0.0
ZA-Reddit-31,"Wait, what? Why are South African soldiers fighting terrorists in Mozambique???",0.0,0.0,0.0,0.0,0.0
ZA-Reddit-32,Are they looking for ISIS terrorists?,0.0,0.0,0.0,0.0,0.0
ZA-Reddit-33,Anyone remember how a few months ago r/southafrica was convinced that sending troops to Moz would result in tons of terrorist attacks?,0.0,0.0,0.0,0.0,0.0
ZA-Reddit-34,Why are people in this thread arguing what we should name the terrorist groups? Lmao it seems agressively pointless,0.0,0.0,0.0,0.0,0.0
ZA-Reddit-35,Nobody else mentioning anywhere the fact that the ANC are nothing more than a bunch of terrorists and have been terrorising the people of this country for decades.,0.0,1.0,0.0,0.0,1.0
ZA-Reddit-36,What a shit terrorist can you be if anyone knows more or less when you are arriving?  Sounds like something the EFF is capable of arranging.,0.0,0.0,1.0,1.0,1.0
ZA-Reddit-37,"ğŸ˜­ Why us we already have enough issues, doesnâ€™t make sense, which Terrorist groups are active in SA ?",0.0,0.0,0.0,0.0,0.0
ZA-Reddit-38,You think the ANC would have sympathy with not wanting to be caledon a terrorist organisation,0.0,0.0,0.0,0.0,1.0
ZA-Reddit-39,Who are/is the â€œterroristâ€ youâ€™re referring to in the title,0.0,0.0,0.0,0.0,0.0
ZA-Reddit-40,"They're not terrorists they're fReEdOm FiGhTeRs. 

Just like how when the ANC necklaced BLACK people they were freedom fighters, or when they bombed innocent civilians.",1.0,1.0,1.0,0.0,0.0
ZA-Reddit-41,"If I were a terrorist and planning an attack in Sandton, then read in the news that they knew about it, I would just change areas. So Sandton is probably the safest place this weekend",0.0,0.0,0.0,0.0,0.0
ZA-Reddit-42,"It's equivalent to Boy, Darkie,  Preet, K word, Chink &China, also not excluding boer and colonisers. It's not just one derogatory word it is a collective group",0.0,0.0,1.0,0.0,0.0
ZA-Reddit-43,"I remember ""coolie creepers"" in Eastern Cape. Kinda like a googly I think in cricket.

Anyone else?",0.0,0.0,0.0,0.0,0.0
ZA-Reddit-44,"Indian here. Calling us charous, bread ous, slam ous porridge ous are fine. Never coolie/ koolies unless you wanna get smacked and booted.",0.0,0.0,0.0,0.0,0.0
ZA-Reddit-45,Possibly coconut-ice.,0.0,0.0,0.0,0.0,0.0
ZA-Reddit-46,Could be coconut ice if it has coconut flakes in it.,0.0,0.0,0.0,0.0,0.0
ZA-Reddit-47,Coconut worms. Delicious.,0.0,0.0,0.0,0.0,0.0
ZA-Reddit-48,"I'm European and yeah whats up with that?
All i learned about africa was about the first monkey humans, and then egypt slave times.",1.0,1.0,1.0,1.0,1.0
ZA-Reddit-49,"A crisis created by you amd yours and your chommies in the ANC fix your own fuck ups, oh yes, I forgot, you're too fokken dom. Full of hot air and nothing else, get fucked cunt.",1.0,0.0,0.0,1.0,1.0
ZA-Reddit-50,Satan Africa,1.0,1.0,1.0,1.0,1.0
ZA-Reddit-51,"Why would Boers fighting the English use a union jack in their flag? Use a Vierkleur or a Transvaal flag, lol.",0.0,0.0,0.0,1.0,0.0
ZA-Reddit-52,"Boer maak nâ€™plan.

Look, I donâ€™t know when you need to action your plan, but you need to have a plan.

You may also want to explore options for moving to WC.",0.0,0.0,0.0,0.0,0.0
ZA-Reddit-53,How long before the racist apologists crawl out to claim Boer actually means cop or Kill the Boer means overthrow the system??,0.0,1.0,1.0,0.0,1.0
ZA-Reddit-54,"""Kill the Boer"" is blatant hate speech and Americans should focus on their own problems.",0.0,0.0,0.0,1.0,0.0
ZA-Reddit-55,"Can Boers sing ""Kill Malema""?",0.0,0.0,0.0,1.0,0.0
ZA-Reddit-56,"Kill the boer is a struggle song it'll remain that way, whether you like it or not.",0.0,0.0,0.0,0.0,0.0
ZA-Reddit-57,"I wonder when people will recognize the EFF for what it really is. It's not a political party, it's a terrorist organization.",0.0,0.0,0.0,1.0,0.0
ZA-Reddit-58,When he says â€œboerâ€ who exactly is he referring to in this context? All Afrikaans people? All White people? Farmers? All the above?,0.0,0.0,0.0,0.0,0.0
ZA-Reddit-59,You won't  catch a boer in American overalls.,0.0,0.0,0.0,0.0,0.0
ZA-Reddit-60,The AI knew to give a boer seun a Mauser.,0.0,0.0,0.0,0.0,0.0
ZA-Reddit-61,Few people know that the concentration camp concept which was widely used in WW2 by the nazis was first perfected in South Africa during the Boer war's by the British.,0.0,0.0,0.0,0.0,0.0
ZA-Reddit-62,"The Boers gave them a good run for their money on biltong and rusks.

Edit : /s just in case.",0.0,0.0,0.0,0.0,0.0
ZA-Reddit-63,"> Turns out Conor McGregor was a South African army general during the Boer War. Picture from the 30s:

FTFY. I think.",0.0,0.0,0.0,0.0,0.0
ZA-Reddit-64,"See it this way. If the word boer was replaced with a religious, ethnic, or social group would it be seen as okay to sing? Would it even be a debate?",0.0,0.0,0.0,0.0,0.0
ZA-Reddit-65,"That's a cult.

Also I'm a white south african. These ouens are kak, cunts.",1.0,1.0,1.0,0.0,1.0
ZA-Reddit-66,"Apparently, Julius replied with masepa (cunt) to Elon Musk Watch how Julius account gets banned from X. Elon should ban all political parties from X",0.0,0.0,0.0,0.0,0.0
ZA-Reddit-67,"Just don't call him a monkey, literally, or illiterately, for that matter. You'll go to jail, literally, even if if you did not mean he is a literal monkey.",0.0,0.0,0.0,0.0,0.0
ZA-Reddit-68,Aaaah fuck. I read Boer War Recommendations..... As if where to hold it..... Well have a nice read.,0.0,0.0,0.0,0.0,0.0
ZA-Reddit-69,So when do the sing kill the boer in this video ?,0.0,1.0,0.0,0.0,0.0
ZA-Reddit-70,"EFF is a terrorist organization know doubt. Why was the white women trying to stop it by herself, just call the cops.",1.0,1.0,0.0,1.0,0.0
ZA-Reddit-71,"This is what happens when BEE is brought into academia. 

""You must not ask a monkey to do a lion's job.""
Kenyan proverb.",0.0,0.0,1.0,1.0,0.0
ZA-Reddit-72,Hey PIC stop being racist cunts,0.0,0.0,0.0,0.0,1.0
ZA-Reddit-73,This is sad that farmers ask for this. The fact that the fat cunts in the ANC is so obsessed with themselves that all the police are patrolling their houses.,0.0,0.0,1.0,1.0,1.0
ZA-Reddit-74,"What about if we listen to all the experts, and not just a few? Perhaps the OP is a stupid cunt? And can't think critically?",0.0,0.0,0.0,0.0,0.0
ZA-Reddit-75,"Wow a brand new Homo, a lot of them have been found in South Africa",1.0,1.0,1.0,1.0,1.0
ZA-Reddit-76,"so, kill the boer...except if he's gay.

strange, but im sure my white brothers and sister will appreciate it.",1.0,1.0,1.0,1.0,1.0
ZA-Reddit-77,The same reason the government is not labeled as terrorists/criminal organisation,0.0,0.0,0.0,0.0,0.0
ZA-Reddit-78,"Attention whore, nothing more. Maybe he'll get a rugby game when this is all over, but I doubt it.",0.0,0.0,0.0,0.0,0.0
ZA-Reddit-79,"This is silly, you think they would travel all the way to conduct terrorist attacks.",0.0,0.0,0.0,0.0,0.0
ZA-Reddit-80,Not going to lie that unicorn lunch box from Satan sounds like a vibeğŸ¤£ gave me a good chuckle!,0.0,0.0,0.0,0.0,0.0
ZA-Reddit-81,What's so EFFing special about you EFFing Jews?,1.0,1.0,1.0,1.0,1.0
ZA-Reddit-82,"Leaving aside the fucking BIZARRE comment about Jews, Julius is apparently now making it clear that he's opposed to mandatory vaccines. I find it interesting how little reaction this has drawn.",0.0,0.0,0.0,0.0,0.0
ZA-Reddit-83,I agree...bugger that...my mom used to say it until I told her what it means...anyway...I have nothing to do with Jews said my Dad during WW2...,0.0,0.0,1.0,0.0,0.0
SG-YouTube-0,I am Singaporean Chinese buti love my china Chinese mate,0.0,0.0,0.0,0.0,0.0
SG-YouTube-1,"@USERÂ  those day we are living in Ang mo chu, not adap chu.",0.0,0.0,0.0,0.0,0.0
SG-YouTube-2,@USERÂ  fir jab masjid hum tod denge fir mat rona ğŸ˜‚ğŸ˜‚ğŸ˜‚ğŸ˜‚,0.0,0.0,0.0,0.0,0.0
SG-YouTube-3,"These scammers scam our moneys, so please do not give in to china demand for the moneys, heard they sending a vice minister here for their illegal gains.",0.0,1.0,1.0,1.0,1.0
SG-YouTube-4,Send back pinoy manager send alllll back pinoy,1.0,1.0,1.0,0.0,1.0
SG-YouTube-5,Farah kong pinoy is goood worker so call.  most of them Prefer their own kind when come hired,1.0,1.0,1.0,0.0,1.0
SG-YouTube-6,"Indian ğŸ‡®ğŸ‡³ workers are smarter, cheaper, and 10 years younger than the Chinese counterparts. 
- Who wouldn't love that?",0.0,1.0,1.0,1.0,1.0
SG-YouTube-7,@USERÂ  asshole see china and usa first,1.0,0.0,0.0,0.0,0.0
SG-YouTube-8,"Well done ğŸ‘ China ğŸ‡¨ğŸ‡³ 
Taking revenge by virus ğŸ¦  from Indians",1.0,1.0,1.0,1.0,1.0
SG-YouTube-9,all assembled chinese parts ğŸ˜‚,0.0,1.0,0.0,0.0,0.0
SG-YouTube-10,Lol xi claims south china sea part of Malaysia Indonesia had birder disputes with Kazakhstan and what not.,0.0,0.0,0.0,0.0,0.0
SG-YouTube-11,"other way around, Chinese will exit Brics as the members are all close to India than to loan shark China. ğŸ˜",0.0,0.0,0.0,1.0,1.0
SG-YouTube-12,Boy..what a question is thatâ€¦u can do nothing about it can uâ€¦India too can have its own map that irritates china ..and china can do nothing about it.,0.0,0.0,0.0,0.0,0.0
SG-YouTube-13,No worry  China gov has so much money,0.0,0.0,0.0,0.0,0.0
SG-YouTube-14,Singapore take note: China party central will take back the money that moved to Singapore from Hong Kong. It is Chinese money. Also stop making bad news about China,0.0,0.0,0.0,0.0,0.0
SG-YouTube-15,I giggle when I hear China struggles,0.0,1.0,0.0,1.0,0.0
SG-YouTube-16,"Ghost cities are everywhere in china, even a decade ago.  So why are home buyers of Chinese builders surprised when their houses are not completed and become ghost cities!?",0.0,0.0,0.0,0.0,0.0
SG-YouTube-17,"Correct, But those China ha-te  here are so happy ğŸ˜…",0.0,1.0,1.0,1.0,0.0
SG-YouTube-18,"the chinese are risk adverse, wont go to war unless absolutely necessary,   they think  long game,  if china wanted to, it could create miitary parade ten times size of north korea",0.0,0.0,0.0,0.0,0.0
SG-YouTube-19,"People who respect humanity, not USA , killing people for nothing, quenching for blood, China will takeover Usa soon.",1.0,1.0,0.0,1.0,0.0
SG-YouTube-20,@USERÂ  The Chinese people all agree that China is and will always be a developing country,0.0,0.0,0.0,0.0,0.0
SG-YouTube-21,north korea vibe XD china and north korea are like twin commies,0.0,1.0,1.0,0.0,1.0
SG-YouTube-22,Russia China and north Korea can start the ww3 soon,0.0,0.0,0.0,0.0,0.0
SG-YouTube-23,Maybe the genius thinks an American and indian alliance is in the best interest of china lol,0.0,0.0,0.0,0.0,0.0
SG-YouTube-24,"@USERÂ   lol china done it,   what you do on that map?",0.0,0.0,0.0,0.0,0.0
SG-YouTube-25,Singapore will not follow like other Countries to impose TRAVEL RESTRICTIONS TO CHIA CHINESE PEOPLE,0.0,0.0,0.0,0.0,0.0
SG-YouTube-26,Pls Malaysia does not discriminate against China. Itâ€™s for all foreign entry into Malaysia. Donâ€™t lump us with the China haters,0.0,0.0,0.0,0.0,0.0
SG-YouTube-27,Why??? China has zero transparency on Covid so expect restrictions and bans!!,0.0,0.0,0.0,0.0,0.0
SG-YouTube-28,This 3 January Malaysia close border to China tourist..,0.0,0.0,0.0,0.0,0.0
SG-YouTube-29,"Singapore govt is always Tunggu, nanti and then mati ğŸ¤£",0.0,0.0,0.0,0.0,0.0
SG-YouTube-30,they are angry because their plan to infect the world is being checked? these chinese must stay in china!,1.0,1.0,1.0,1.0,1.0
SG-YouTube-31,@USERÂ  As long you have Chinatown in your country CCP will said your country is part of China. Same as Taiwan just because they speak Chinese and sharing food similarity they are part of China.,0.0,0.0,0.0,0.0,0.0
SG-YouTube-32,"In time to come, mainland Chinese would be considered like pariahs, given the CCP mismanagement of Wuhan virus. CCP refuse to cooperate with the world on transparency of information",0.0,0.0,0.0,0.0,0.0
SG-YouTube-33,Many are relatives of china government officials. Thailand should give china a list of buyers so that proper tax levied against them or send those govt officials to jail,0.0,0.0,0.0,0.0,1.0
SG-YouTube-34,"Bangladesh, India, China FLoods",0.0,0.0,0.0,0.0,0.0
SG-YouTube-35,"I am proud of sg policies. Bangla today, then PR then citizen . They are most likely muslims can help increase sg population and maintain the muslim ratio",0.0,0.0,0.0,0.0,1.0
SG-YouTube-36,"@USERÂ  chibai you eat babi at hawker centre, they got put headcover anot",0.0,0.0,1.0,0.0,1.0
SG-YouTube-37,"Zero Tolerance for radical
Religous terrorists ideology Acts.",0.0,0.0,0.0,0.0,0.0
SG-YouTube-38,Lawrence looks stressedâ€¦ ğŸ˜‚ heâ€™s expected to speak in Malay and mandarin,0.0,0.0,0.0,0.0,0.0
SG-YouTube-39,"Just put Malay is enough what... Why need to put the ""Singapore"" in it... Haiya, simple thing become complicated.",0.0,0.0,0.0,0.0,0.0
SG-YouTube-40,@USERÂ  oh really? Then explain why chinese ethnics cannot buy lands in Jogjakarta?,0.0,0.0,0.0,0.0,0.0
SG-YouTube-41,Malaysia is for everybody. We have millions of Indons bangkaideshi  Rohingyas Burmese Pinoys Vietnamese or the Africans..be it legal or illegal. They made this country as theirs now. What a blessing.,0.0,0.0,0.0,0.0,0.0
SG-YouTube-42,The only way for a Chinese to be PM of Malaysia is by voting for PHâœ…. For a new Malaysiaâ¤,0.0,0.0,0.0,0.0,0.0
SG-YouTube-43,@USER  Since when Singapore belong to Chinese? If so why do we have Malay and Indian MPs?,0.0,0.0,0.0,0.0,0.0
SG-YouTube-44,@USERÂ  You were claiming Chinese schools = promote Chinese? Since when? So is Ahmad Ibrahim Sch promoting Malays? Hilarious claims.,0.0,0.0,0.0,0.0,0.0
SG-YouTube-45,@USERÂ  We do have Malays in Airforce or Navy. Just fewer.,0.0,0.0,0.0,0.0,0.0
SG-YouTube-46,"Let all those capable lead the country. Respect the Malays, love thy country, we only live once on this earth.",0.0,0.0,0.0,0.0,0.0
SG-YouTube-47,Not when u have terrorists groups breeding like crazyâ€¦.. they are overwhelming the progressing and peace loving malays now.,0.0,1.0,1.0,1.0,1.0
SG-YouTube-48,why malay?do you know that singapore malay are actualy jawa majority?,0.0,0.0,0.0,0.0,0.0
SG-YouTube-49,"@USERÂ  LHL leaps and bounds better than his father. Till today, I cannot stomach LKY's comments on Malays and how he's eroded our identity. If he's here today high chance kena cancelled.",0.0,0.0,0.0,0.0,0.0
SG-YouTube-50,I worry that one day it is a must to be gay as society becomes gayâ€¦,1.0,1.0,1.0,1.0,1.0
SG-YouTube-51,"@USERÂ  the coin phrase actually is ""pink money"" that mostly derives from gay tourism. Of course, it would have to be a country or region that's accepting of homosexuals.",0.0,0.0,0.0,0.0,0.0
SG-YouTube-52,Step 1 accomplished soon ğŸ”œ step 2 ğŸ˜® Gay marriage,1.0,0.0,0.0,1.0,0.0
SG-YouTube-53,"I walk at my market every day , i heard some uncle say "" SI ALL CHAO AH GWA "" in chinese . Cause i'm gay too . I feel so sad .",0.0,1.0,0.0,0.0,0.0
SG-YouTube-54,They should move to Singapore Chinese is prioritize there.,0.0,0.0,0.0,0.0,1.0
SG-YouTube-55,A Chinese free UK is a better UK.,1.0,1.0,1.0,1.0,1.0
SG-YouTube-56,The weird thing is his victimes are straight men not gay and he said he want to make them gay because he want them to be free from their monsters girlfriends,0.0,1.0,0.0,1.0,1.0
SG-YouTube-57,"@USERÂ  emang in Indonesia most of the people are Homophobic, Try gay people in Brunei they have been killed",0.0,1.0,1.0,0.0,1.0
SG-YouTube-58,Cos the Court has been challenged by Talented Gay lawyers...no one dare to challenge the court till now..cos it violates equal protection provision,0.0,1.0,0.0,0.0,0.0
SG-YouTube-59,Think the government should still stay put with what they have then to look into this area.  But now they are encouraging gay community.,1.0,1.0,0.0,1.0,1.0
SG-YouTube-60,"Next GE,  we will hv a NMP to represent these Ah Gua in parliament.",0.0,0.0,0.0,0.0,1.0
SG-YouTube-61,@USERÂ  Gay Talents are challenging the law...now that talented lawyers are coming out..,0.0,1.0,0.0,0.0,1.0
SG-YouTube-62,"So, an Iraqi refugee, in Sweden, burns the ISIS Terror Manual....And thatÂ´s a bad deed?",0.0,0.0,0.0,0.0,0.0
SG-YouTube-63,to talk against China he must have balls of titanium,0.0,0.0,0.0,0.0,0.0
SG-YouTube-64,The problem of Osama Bin Laden was also his personal problem and it was made a world problemÛ” Due to which thousands of people died.,0.0,0.0,0.0,0.0,0.0
SG-YouTube-65,Communist China and Xi burn Qur@USER each day,1.0,1.0,1.0,1.0,1.0
SG-YouTube-66,Bro religion did play in politics China for â€œpast 2000 yearsâ€ what is Confucianism and mandate of Heaven? Bro doesnâ€™t even know history and China only recently become officially atheist,0.0,0.0,0.0,0.0,0.0
SG-YouTube-67,PAS makes Chinese know their place,1.0,1.0,1.0,1.0,1.0
SG-YouTube-68,@USERÂ  That's what I do not understand. SG dollar is 3 times more than ringgit but the Malaysian Chinese refuse to migrate. What more do these people want?,0.0,1.0,0.0,0.0,1.0
SG-YouTube-69,"Tel that girl to go to Iran, they'd love her there! Now I understand China's Xingjiang policy, China doesn't want nonsense to stop her progress.",1.0,0.0,1.0,1.0,1.0
SG-YouTube-70,"@USERÂ  You just lost your job to a bangla right ?  
I understand ,i lost mine too but i want to show to the church ,temple & mosque
i am happy. Have 2 beers and stop cursing .ğŸ¥°ğŸ¥°ğŸ¥°ğŸ¥°ğŸ¥°ğŸ¥°ğŸ¥°ğŸ¥°ğŸ¥°",0.0,0.0,0.0,0.0,1.0
SG-YouTube-71,Unfortunately UN and other countries not responding on the Hindu terrorists in India.,0.0,0.0,0.0,0.0,0.0
SG-YouTube-72,Just to fill up the quota for chinese woman. That's all.,1.0,1.0,1.0,0.0,0.0
SG-Reddit-0,"Wow, that whole section on Singaporeanisms/dialect terms.

""We may speak Chinese, but we're not China Chinese"" in a nutshell.",0.0,0.0,0.0,0.0,0.0
SG-Reddit-1,Is it just me or the malay portion is so positive then the Chinese portion like kena scolding,0.0,1.0,0.0,1.0,0.0
SG-Reddit-2,Wah Malay portion over so soon. Could listen to him go all day,0.0,0.0,0.0,0.0,0.0
SG-Reddit-3,friends stall is 30k a month a few years ago after the big reno. i cant find my old pinoy stall anymore,0.0,0.0,0.0,0.0,0.0
SG-Reddit-4,"So with the repeal of 377A, married men are going to church to have gay sex?",0.0,1.0,1.0,1.0,1.0
SG-Reddit-5,Looks like no one ever bothered to ask the atheists and agnostics what they thought about the homos and assumed they are all godless hedonists too.,1.0,1.0,1.0,1.0,1.0
SG-Reddit-6,"I don't know what kind of shit the prc propaganda are feeding our boomers, I feel like my father is slowly becoming your father.",0.0,0.0,0.0,0.0,1.0
SG-Reddit-7,Why critical of Taiwan if it's part of PRC ğŸ˜‚ğŸ˜‚,0.0,0.0,0.0,1.0,0.0
SG-Reddit-8,"1) Do your NS

2) Plenty of people on this sub alone are saying we should stop using cheap labour and bangla slaves, so don't act like nobody has a problem with this.",0.0,1.0,0.0,0.0,1.0
SG-Reddit-9,When she pulls the I have Malay and Indian friends card you know what's going down,0.0,0.0,0.0,0.0,0.0
SG-Reddit-10,this the type of person that refer to a malay person as yalam dog. or kiao tor.,0.0,1.0,1.0,1.0,0.0
SG-Reddit-11,"KNN donâ€™t come and bullshit you commie ah tiong, you the 30F with the throw-away account write essay one right KNN CB LMFAOOOOOO",1.0,1.0,1.0,0.0,0.0
SG-Reddit-12,Need homos to contribute to GDP,1.0,1.0,1.0,1.0,1.0
SG-Reddit-13,being in ns with majority malay made me hate malays with a passion.,1.0,1.0,1.0,1.0,1.0
SG-Reddit-14,I hope our isd monitor those who go and protest in the embassy. Those jokers are potential Terrorist who were brainwashed.,0.0,1.0,0.0,1.0,1.0
SG-Reddit-15,"> insulting people who oppose LGBT rights as retarded + comparing them to ISIS. 

They are. Imposing your own cultures view on others doing NOTHING wrong. ISIS behaviour",0.0,1.0,1.0,1.0,1.0
SG-Reddit-16,"Indian style Prata?

Malay style Nasi Lemak?

Chinese style Hor Fun?

Eurasian style Shepherd's Pie?

Doggy style beas......",0.0,0.0,0.0,0.0,0.0
SG-Reddit-17,"The attitude of Malays being â€œholier than thou â€œ is kinda sickening . Have experienced it many times , sadly itâ€™s not gonna stop .",0.0,1.0,1.0,1.0,1.0
SG-Reddit-18,Talking about malay muslim struggles what do you all put when documents asked for full names? If i put my father's name they always messed it up.,0.0,0.0,0.0,0.0,0.0
SG-Reddit-19,I propose that new citizens and PRs pass a Malay language test instead.,0.0,0.0,0.0,0.0,0.0
SG-Reddit-20,There's only about 180000 pinoys in sg.,0.0,0.0,0.0,0.0,0.0
SG-Reddit-21,Lmao that dumbass mat yoyo. Which halal place in the whole world sells pork as well? This kambing never read his qoran properly,1.0,1.0,0.0,1.0,0.0
SG-Reddit-22,And then Malays get a leg up in education via state funded Mendaki,0.0,0.0,1.0,0.0,0.0
SG-Reddit-23,"Thought this guy is gay too?

Edit: looks like he could have wanted to write â€œthis is why gays donâ€™t get any rightsâ€ but obviously his grammar fail.",1.0,0.0,1.0,0.0,0.0
SG-Reddit-24,bilibili is another site with pretty interesting comments by PRCs. Sometimes I like to see the comments on their lianhezaobao page,0.0,0.0,0.0,0.0,0.0
SG-Reddit-25,Ah Tiong donâ€™t work as construction labourer already. The pay not enough to bring them over. Most probably are supervisors,0.0,0.0,0.0,0.0,0.0
SG-Reddit-26,I think it's the Chinese from PRC who get super-defensive about Sinovac. Local Singaporean Chinese either don't care or are actively avoiding Sinovac.,0.0,0.0,0.0,0.0,0.0
SG-Reddit-27,Bangla boys are hot stuff to Indons and Pinoy maids.,1.0,0.0,1.0,1.0,0.0
SG-Reddit-28,"Why doesn't he ask why SMRT CEO is always a former SAF general?

By the way, just curious whether in the first place is there an application submitted by the Malays for the interns?",0.0,0.0,0.0,0.0,0.0
SG-Reddit-29,Malay-Muslim people of r/Singapore is this a big issue for you guys ? Not being sarcastic. I am genuinely wondering.,0.0,0.0,0.0,0.0,0.0
SG-Reddit-30,"Geylang is huge. Geylang Serai is mostly halal, while the rest is haram af.",0.0,0.0,0.0,0.0,0.0
SG-Reddit-31,"Means the neighbour don't like him ğŸ¤£

My Malay neighbour always cook for my family and bake cookies. We can't cook so we just buy cookies during CNY.",0.0,0.0,0.0,0.0,0.0
SG-Reddit-32,Try import a ah tiong to be your next PM. See what happens next ...lol,1.0,1.0,1.0,1.0,1.0
SG-Reddit-33,"These PRCs are funny, in Europe they never pay hotel rent, get chased out, yet shout for help and questioned about human rights. Said Anti Japan, yet they visited there most.",0.0,1.0,1.0,1.0,1.0
SG-Reddit-34,Why so pressed about babi? Just say no lol,0.0,0.0,0.0,0.0,0.0
SG-Reddit-35,Lol this is actually quite accurate *laughs in Malay*,0.0,0.0,0.0,0.0,0.0
SG-Reddit-36,"I don't care if you're gay or straight or anything else, the only PDA I want to see in public is the XDA.",0.0,0.0,0.0,0.0,0.0
SG-Reddit-37,"Eh, you wanna watch this movie about this superhero who talks to fish or not, this Ah Gua Man?",0.0,0.0,0.0,0.0,0.0
SG-Reddit-38,Probably also the same person that thinks youâ€™ll turn gay if you eat rainbow cakes.,0.0,0.0,0.0,0.0,1.0
SG-Reddit-39,"I don't recall coming out but I recall the nicknames. Sissy, aqua, giraffe",0.0,0.0,0.0,1.0,0.0
SG-Reddit-40,"Not sure where you learnt this but I donâ€™t think youâ€™ll be put behind bars if youâ€™re gay.

Gay or not, weâ€™re still human. Weâ€™re all equal. ğŸ™‚",0.0,0.0,0.0,0.0,0.0
SG-Reddit-41,You don't go to jail for being gay lmao. There is a law that criminalizes sex between 2 males but it's not enforced.,0.0,0.0,0.0,0.0,1.0
SG-Reddit-42,But gay sex can potentially allow 12 inch social distancing,1.0,1.0,0.0,1.0,1.0
SG-Reddit-43,Why not get the best of both world? Marry a tranny?,1.0,1.0,1.0,1.0,1.0
SG-Reddit-44,Yes i get that gay meant happy lol,0.0,0.0,0.0,0.0,0.0
SG-Reddit-45,"I really appreciate that no fag sign used in this scene, they should have it more irl. Reminds people not to bring fags into stores because I hate it when they do",1.0,1.0,0.0,1.0,1.0
SG-Reddit-46,"Gays are still human. From here you can see the black gay being a dick to Mr Kim while the other gay is understanding. 

Be like Mr Kim. You do you, I do I.",0.0,1.0,0.0,1.0,0.0
SG-Reddit-47,"Complaining regardless of what the government does is not a gay thing, itâ€™s a Singaporean thing.",1.0,1.0,0.0,1.0,0.0
SG-Reddit-48,"Fine, cane, jail, exile, and execute this homo now!",1.0,1.0,1.0,1.0,1.0
SG-Reddit-49,"No homo please, this is Singapore",1.0,1.0,1.0,1.0,1.0
SG-Reddit-50,"Homo bad, family values good",1.0,1.0,1.0,1.0,1.0
SG-Reddit-51,"The most important thing is to fish out the homo schoolteachers who are constantly seeking to anally penetrate little boys. Cane, jail, and cancel them!",1.0,1.0,1.0,1.0,1.0
SG-Reddit-52,"Bruh you're not a pussy if you worry about slashings, I dont particularly feel like getting slashed today, or any other day tbh",0.0,1.0,0.0,0.0,0.0
SG-Reddit-53,can we also add that rsaf hougang knocking sound making person a terrorist too?,0.0,1.0,1.0,0.0,0.0
SG-Reddit-54,"I sprayed the room, turned on air con...nothing works. in the end, i deal with these terrorist with counter terrorism tactics learnt in NS.......mosquito coil. It works.",0.0,0.0,0.0,1.0,0.0
SG-Reddit-55,No thanks. Maybe if got ISIS vtuber mascot ask to join then I consider.,0.0,1.0,0.0,0.0,0.0
SG-Reddit-56,Agreed. Muslims shouldnâ€™t have to have butt-seks or get gay married.,1.0,1.0,1.0,1.0,1.0
SG-Reddit-57,I guess Samsung listened to their heart and said no homo,1.0,1.0,1.0,1.0,1.0
SG-Reddit-58,When u paste price tag with haram thoughts...,0.0,0.0,0.0,0.0,0.0
SG-Reddit-59,"As a side note, disappointing that our local media names and hyperlinks terrorists like the Christchurch shooter.",0.0,0.0,0.0,0.0,1.0
SG-Reddit-60,"This post would be more appropriate in r/Islam.
Standard answer to this would be to break up. Bf gf relationship is haram, doubly so with a freethinker.",0.0,1.0,0.0,1.0,0.0
SG-Reddit-61,"LMAO which idiot muslim actually think arabiki = arab? 

fking hell i thought only china chinese people have this level of thinking",1.0,1.0,1.0,1.0,1.0
SG-Reddit-62,"Has he seen how many Malay guys buy 4D and drink beer? LoL

Fuckin hypocrite",0.0,0.0,0.0,1.0,0.0
SG-Reddit-63,"Most muslims wonâ€™t care lah. You want halal food? You want malay food? Lai, come makan.",0.0,0.0,0.0,0.0,0.0
SG-Reddit-64,Mock pork is haram but Mock Tail is ok. Because reasons.,0.0,1.0,0.0,0.0,0.0
SG-Reddit-65,lol. first time i hear of ah tiong self radicalisation,0.0,1.0,0.0,0.0,0.0
SG-Reddit-66,Assalamualaikum my name is Imran..here's how i donated $450 to a terrorist group with my passive income!,0.0,1.0,0.0,0.0,0.0
SG-Reddit-67,"I knew it, of course Imran is a terrorist.",1.0,1.0,0.0,1.0,1.0
SG-Reddit-68,"Just ask them to give up citizenship, take up PRC citizenship and move to China",0.0,1.0,0.0,0.0,1.0
SG-Reddit-69,"Have to agreed. With such high volume of PRC tourists. Not infected? Probably people dead already there, and it is not reported and pass off as another typical bodycount.",0.0,1.0,0.0,0.0,1.0
SG-Reddit-70,Ok nvm I dowan support anymore this Winnie the Pooh cocksucker,0.0,0.0,0.0,0.0,0.0
SG-Reddit-71,With so many china chinese singapore new citizens now. We better show loyalty to motherland.,0.0,1.0,0.0,0.0,0.0
SG-Reddit-72,"There we go comparing sg chinese to china chinese. It's like trying to fit apples with oranges, the culture also no fit lmao",0.0,0.0,1.0,0.0,0.0
SG-Reddit-73,I fucking hate prc,0.0,1.0,1.0,0.0,1.0
SG-Reddit-74,prc man forgot his bing qi ling,0.0,1.0,0.0,0.0,0.0
SG-Reddit-75,"If you like a guy, is it considered gay?",0.0,0.0,0.0,0.0,0.0
SG-Reddit-76,"That's why either conscript everyone or conscript no one.

Ah gua have always had these problems in NS. Even æ–°å…µå°ä¼  highlighted this decades ago. It's not nice for them, many killed themselves.",0.0,0.0,0.0,0.0,1.0
